{
    "mae": 1584.2390730756092,
    "mse": 1584.2390730756092,
    "r2": 0.7470504355986127
}